"","State","County","Presence.of.Water.Violation","Population","Deaths","Premature_Death_Rate","Self_Reported_Poor_health","Average.Number.of.Physically.Unhealthy.Days","Average.Number.of.Mentally.Unhealthy.Days","Low_Birthweight_percentage","Percentage_Smokers","Percentage_Adults_with_Obesity","Food.Environment.Index","Percentage_Physically_Inactive","Percentage__With.Access.to.Exercise.Opportunities","Percentage_Excessive.Drinking","Percentage_Driving.Deaths.with.Alcohol.Involvement","Chlamydia.Rate","Teen.Birth.Rate","Percentage_Uninsured","Primary.Care.Physicians.Ratio","Dentist.Ratio","Mental.Health.Provider.Ratio","Preventable.Hospitalization.Rate","Percentage_With.Annual.Mammogram","Percentage_Vaccinated","High.School.Graduation.Rate","Percentage_Some.College","Percentage_Unemployed","Percentage_Children.in.Poverty","Percentage_Single.Parent.Households","Social.Association.Rate","Violent.Crime.Rate","Injury.Death.Rate","Average.Daily.PM2.5","Percentage_.Severe.Housing.Problems","Percentage_.Drive.Alone.to.Work","Percentage_Long.Commute...Drives.Alone","Life.Expectancy","Age.Adjusted.Death.Rate","Child.Mortality.Rate","Infant.Mortality.Rate","Percentage_Frequent.Physical.Distress","Percentage_Frequent.Mental.Distress","Percentage_Adults.with.Diabetes","HIV.Prevalence.Rate","Percentage_Food.Insecure","Percentage_.Limited.Access.to.Healthy.Foods","Drug.Overdose.Mortality.Rate","Motor.Vehicle.Mortality.Rate","Percentage_Insufficient.Sleep","Other.Primary.Care.Provider.Rate","Percentage_Disconnected.Youth","Average.Grade.Performance","Median.Household.Income","Percentage_.Enrolled.in.Free.or.Reduced.Lunch","Homicide.Rate","Suicide.Rate..Age.Adjusted.","Firearm.Fatalities.Rate","Average.Traffic.Volume.per.Meter.of.Major.Roadways","Percentage_Homeowners","Percentage_Housing.Cost.Burden","Percentage_less.than.18.years.of.age","Percentage_.65.and.over","Percentage_.Not.Proficient.in.English","Percentage_Female","Percentage_Rural","standardized_deaths"
"1","Michigan","Alcona","No",10364,224,9814,14.7496921,4.004213006,4.39002871,7.762557078,16.05008806,34.9,8,22,72,15.61886175,60,144.9,22.56699577,8.809160305,1725,10362,1727,2588,45,28,94.64285714,54.73393227,6.579634465,31.6,33,12.55917303,120,102.1824632,7.5,11.65829146,81,35.7,76.84512207,427.0644104,66.2031695142982,7.1221216307125,11.97694839,13.59979501,11.3,217.902222222222,12.6,4.264405957,22.0328776529143,16.8935218118511,31.33932406,57,11.0378275771963,2.575978578,39862,69.00826446,8.163662170125,40.02576782,21.20768104,12.14323674,87.81948882,10.73232323,12.7581548,35.8328508,0.199084213,49.5850222,98.92158655,2.591
"2","Michigan","Allegan","Yes",115250,1371,6181,14.21007546,3.89793332,4.242456848,6.552886641,16.27392233,33.5,8.9,20,68,19.11305652,28.76712329,358.1,21.3864591,5.458730681,4313,3259,1139,3553,43,43,87.04930096,57.59410081,3.266440656,13.6,24,10.39099333,246,63.34437533,11,12.10357525,86,33.9,79.13335459,317.957333,41.51980141,4.803675856,11.47178485,12.63643092,8.8,101.9,9.1,0.831520315,12.02329083,14.33264703,32.26522514,33,7.518796993,3.175243659,62247,44.60176053,1.744843986,14.19249887,9.69203557,132.9566012,82.31162791,8.909064776,24.1819871,16.54691589,0.739171462,50.04133746,64.46754273,1.53666666666667
"3","Michigan","Alpena","No",28612,443,7179,14.69437719,4.095082723,4.294293152,6.984298863,17.35694339,33.6,8.1,25,75,19.11571819,33.33333333,228.4,22.61624751,6.152068408,1355,1091,338,3818,44,45,79.88505747,67.1641791,5.082101196,22.6,35,14.05382615,304,83.03271768,7.5,12.07576953,85,12.9,77.99279088,367.941883,66.2031695142982,7.1221216307125,12.03219367,13.37768764,13.7,80.4,12.8,2.287227147,17.5385263,7.438926414,35.23521024,151,5.934718101,2.806013942,42792,54.70618825,8.163662170125,19.78131118,10.46630895,103.9384246,77.5261461,10.24973562,18.48025388,23.43794076,0.286364638,50.71932299,51.8278262,2.63098850574713
"4","Michigan","Antrim","No",23177,316,6080,14.00284834,3.984274936,4.322454297,6.142322097,16.38555404,31.9,8.5,29,67,18.10287745,29.41176471,227.5,20.50691244,8.12595825,1664,2921,2921,4161,41,43,92.65306122,58.52898898,5.61764415,18.7,30,10.30396703,118,77.43800657,7.4,13.82113821,76,35,80.48517433,293.0211493,66.2031695142982,7.1221216307125,11.69110144,13.17045362,7.4,69.4,11.6,0.059331966,22.0328776529143,17.79162935,31.24400392,47,8.190091001,2.911760653,56456,53.43605547,8.163662170125,19.84488957,16.34802361,48.49883717,86.07853136,11.48512755,18.14252087,27.14316285,0.545388984,50.28033383,100,0
"5","Michigan","Arenac","No",15165,276,8499,15.81122766,4.301253784,4.441567001,7.709750567,18.4857836,35.6,6.9,31,70,17.71740749,21.42857143,226,27.07516922,8.10255494,3009,2149,501,5876,50,39,90.13157895,50.28380634,7.114161366,24.1,35,7.976071785,256,89.68373295,8.3,11.81887951,84,36.7,76.70458487,409.41279,66.2031695142982,7.1221216307125,12.862456,14.01338374,16.4,217.902222222222,14.3,12.23759315,22.0328776529143,17.79259454,34.34410751,126,13.47962382,2.89247152815038,42540,59.81490502,8.163662170125,21.2634426,21.10205481,73.37881716,82.49551167,9.973590182,18.16368593,24.91190745,0.297063903,49.57782062,100,0.561666666666667
"6","Michigan","Baraga","No",8507,153,10471,16.12414483,4.210718716,4.408065341,6.822612086,19.33834262,35.9,7.4,24,26,19.25149302,75,154,23.3672858,8.009751001,938,1387,756,1394,43,28,86.66666667,39.31795386,6.108312343,21,37,9.477550053,333,87.07316499,6,13.68243243,83,19.4,75.41337909,452.7612802,66.2031695142982,7.1221216307125,12.64140724,13.66427668,18.5,107.3,14.9,5.426598185,22.0328776529143,16.8935218118511,38.22960308,108,11.0378275771963,2.89247152815038,43435,60.57312253,8.163662170125,21.70010626,14.642515601938,43.6400445,80.96179183,13.63166954,17.51201923,22.11538462,0.098461539,44.87980769,100,0
"7","Michigan","Barry","Yes",60057,762,6022,12.85412236,3.725795749,4.228558758,6.507243044,15.99710256,37.2,8.8,27,57,20.47006989,14.28571429,221.2,18.42936663,5.367312073,3029,3597,927,4701,46,45,86.96275072,57.30337079,3.407655382,10.8,26,10.56349652,171,66.65777896,11.2,11.4391951,85,46.5,79.45916674,320.3234789,27.98089837,7.1221216307125,10.77475199,12.51383995,17.1,43.6,9.5,1.016486553,12.67601753,16.741325,37.56005046,70,8.564890487,3.288544217,64121,42.27089337,2.630779644,17.57123115,12.664978,7.709837652,82.31543624,8.811448831,22.09722518,18.40181827,0.334707395,49.66397959,77.12808206,1.2511875
"8","Michigan","Bay","No",104786,1579,7743,14.50455264,4.046153884,4.159750802,7.291231005,17.79181258,35.9,7.7,26,86,19.78233032,35.29411765,391.4,21.46294514,6.104808863,2424,1464,401,6890,46,49,87.92599805,66.29673134,4.786304417,24.8,40,10.26487207,328,74.70266624,9.5,12.52430516,86,24,77.49196102,387.1384399,43.12354312,4.748982361,11.8111692,13.13142939,8.9,92.7,12.4,7.743706309,25.88612025,10.42634263,36.19722609,76,9.275783358,2.89247152815038,50576,53.19559623,2.301919801,18.05557455,11.81521762,291.1147982,77.69930054,10.867983,20.28809792,20.39490777,0.291150043,50.85977118,30.31149382,4.91184375
"9","Michigan","Benzie","No",17552,227,6655,13.03789421,3.71127111,4.133609648,6.128133705,15.68194619,36.5,7.32739726027397,30,89,19.37272194,33.33333333,369.9,21.59161012,7.398549607,1953,2219,772,3799,45,52,83.13253012,68.7846109,5.50625711,15.7,28,13.0882604,126,72.83155427,7.5,13.45885635,79,35.1,80.46584073,295.7974329,66.2031695142982,7.1221216307125,10.87111222,12.60360166,13.6,32.7,10.5,7.66933066311644,20.79473704,17.10557397,32.0102583,95,11.0378275771963,2.89247152815038,51905,56.18672666,8.163662170125,16.8593408920752,14.642515601938,42.42668712,89.6628546,11.02134146,18.2448037,26.1307948,0.27515253,50.35205317,100,0
"10","Michigan","Berrien","Yes",154807,2254,8081,16.08037215,4.287990462,4.554292904,7.856634227,16.5930279,32.6,7.1,23,87,16.47199016,31.52173913,553.6,29.78799535,7.258805764,1307,1732,452,3761,45,46,82.91250734,64.57313298,4.298494436,21.1,38,12.83555579,428,71.34727217,11.8,13.96114322,81,20.9,77.41668926,387.8842951,60.18304453,7.071911005,12.59241873,13.97225334,11.7,173.8,14.5,10.11931322,18.38195541,11.99706902,31.82297365,86,6.888265919,2.806872079,51509,57.3493354,4.152831585,16.17284526,12.81920135,210.8276093,69.769043,12.76502838,21.77940976,19.72349991,1.139100659,51.05131016,32.85696977,8.71036828644501
"11","Michigan","Branch","Yes",43584,642,8566,15.08966314,4.127669085,4.291774557,6.583242655,18.40061945,38,8.3,30,62,19.20905381,31.03448276,285.6,30.9587217,8.1180703,2171,1897,661,5272,43,45,80.71278826,51.74100157,3.66580113,21.2,29,10.59663672,277,77.18176305,11.8,12.37593052,83,25.7,76.68730917,401.7135044,78.19945749,8.152937869,12.41974618,13.333365,10.2,58,12.1,1.448106118,18.39658437,14.74515458,37.75487449,59,13.43820225,2.89247152815038,50477,58.21927888,8.163662170125,18.27399249,8.728889869,139.1779002,74.57894099,8.923521649,23.17867131,18.1834854,1.487615418,48.45490807,62.7033239,1.10339240506329
"12","Michigan","Calhoun","No",134473,2139,9414,16.18879355,4.161187453,4.54342686,8.459452366,18.79289397,33.8,7.3,27,77,17.99378166,36.36363636,708.3,32.20993221,5.626721827,1677,1416,311,4168,49,50,88.13033359,59.1141929,4.209019327,27.6,42,11.63068114,644,94.91321689,11.5,14.50367301,83,22.5,75.96794176,450.5331605,62.10979722,6.486676017,12.63772826,13.90439946,13.8,148.9,14.2,8.245614087,35.9800596,12.20412945,35.47858379,126,6.095318908,2.666473631,48413,58.47872966,5.200020376,19.51819256,14.13284578,215.9081476,69.47576362,13.11685089,22.90258538,17.83592466,1.058809533,51.06069732,30.97703936,8.79246538461538
"13","Michigan","Cass","Yes",51460,738,7669,14.5011429,3.785538655,4.084018365,7.877585718,16.49171852,39.8,8.3,30,62,19.4645941,29.09090909,288,26.77633882,7.221533118,5138,3228,906,3674,43,48,89.9103139,62.38227147,4.06924276,17.3,33,8.3688523,223,66.69303368,12.9,12.91676957,82,36.2,78.16388866,350.8399869,72.02100225,8.335728658,11.27705519,12.65879785,18.7,43.3,11.6,2.696002716,12.93384983,14.91506698,33.60798942,29,8.694057227,2.864492035,55978,55.63292021,8.163662170125,18.52457634,13.18350666,11.43473266,80.47950132,9.259725228,20.61061313,21.02878826,0.257631832,49.82092037,71.18161131,2.51024390243902
"14","Michigan","Charlevoix","Yes",26219,334,6382,12.95207101,3.7268513,4.104378094,5.878750766,15.42215283,34.9,8.5,17,84,18.6756041,60,198.9,20.67669173,6.371191136,1136,750,536,3703,47,42,91.90283401,67.91748527,4.737964656,16,28,14.92023413,158,67.21867457,7.4,12.31326392,79,22.5,79.93037752,298.4671713,66.2031695142982,7.1221216307125,11.10324993,12.72634934,12.5,35.4,11.2,1.588880135,22.0328776529143,8.739921778,32.89932997,60,11.0378275771963,3.312411009,54491,50.48543689,8.163662170125,13.43968131,9.166182896,74.24990221,81.26373144,9.492353633,18.88050602,24.38271605,0.299401198,50.5105929,70.40348376,2.01684615384615
"15","Michigan","Cheboygan","No",25458,379,7143,15.00303127,4.214859688,4.410201251,7.193229901,17.53184286,30.3,7.4,27,78,17.91372444,61.53846154,149.8,23.66209642,8.289985216,1691,2310,1059,3994,42,38,86.75799087,58.22916667,9.202396555,25.9,28,11.82545627,133,67.56491338,7.1,12.06973625,81,35.9,78.77845622,323.7789777,75.71786359,7.1221216307125,12.55026648,13.78832836,17.7,62.3,15.1,5.893783178,13.12628802,7.827963723,36.81288085,59,11.0378275771963,2.94655024,48589,62.68328446,8.163662170125,19.97172112,7.856385277,55.08697876,82.37657352,10.34321955,16.38137961,27.25770275,0.224590633,50.1318223,82.72789844,1.33989473684211
"16","Michigan","Chippewa","Yes",37834,496,6398,18.50366608,4.578398784,4.599128962,5.914202416,21.61063282,40.5,7.1,31,86,20.89172361,40,257.2,18.78109453,9.33121861,1640,1631,313,4897,47,34,87.5,58.40060273,6.627023051,22.4,34,10.34181008,288,70.78486683,6.9,13.37648328,76,15.2,78.91942152,353.1212738,66.2031695142982,7.1221216307125,13.62202641,14.33949186,12.5,76.3,15.5,8.097655314,13.27997734,10.86471926,37.24898289,93,7.416383907,2.854387208,47380,58.3373494,8.163662170125,18.88794732,10.03666022,10.0246382,69.20831554,11.68936926,18.33035691,17.97052003,0.466770393,44.79569262,48.93821392,0
"17","Michigan","Clare","No",30616,645,10043,17.16290577,4.403404518,4.632933073,6.524633822,20.22478546,37.3,7.7,31,66,17.31829601,40,221.8,36.28158845,8.009898411,3065,3845,992,4969,40,35,88.62068966,53.91719745,6.087984463,32.4,30,11.09189965,350,91.51941846,8.3,16.75696594,80,36.6,75.05281083,486.9966125,57.80108171,7.1221216307125,13.40711876,14.87233226,16.7,99.4,15.2,1.695592065,29.42202075,16.79927203,37.636453,78,8.069381599,2.856594981,39394,64.06105458,8.163662170125,21.39063084,16.3427533,14.42236551,81.50088667,13.75262055,19.80687323,23.86773743,0.57995029,50.01137952,70.64282481,5.10266666666667
"18","Michigan","Clinton","No",77896,696,4613,12.30695878,3.646856554,3.969883274,6.027596224,15.27811499,34.1,8.4,24,72,22.90905262,21.95121951,266.4,10.69487119,4.59722794,3138,3967,891,3767,52,50,94.84924623,76.06893188,3.174409823,8.6,20,7.266422753,94,53.02933265,10.6,10.26970954,86,29.6,81.46092307,238.6284861,38.211152,3.735524841,10.67016867,11.98593722,11.4,62.7,9.4,5.715157605,13.57871197,8.470051004,31.62738346,28,4.036520903,2.89247152815038,70967,31.74467276,8.163662170125,11.88457137,9.222492635,86.71751647,78.76346827,8.60267484,22.38188877,16.94398225,0.532847608,50.54454697,52.92642806,6.18222222222222
"19","Michigan","Crawford","No",13836,248,11390,15.17314928,4.100292824,4.34240731,10.3960396,17.845258,32.4,7.6,24,99,18.18333666,30.76923077,266.1,24.55357143,6.543509966,1070,3475,695,4458,46,29,88.98305085,63.04868316,6.005079826,26.1,34,7.90968577,264,111.4359316,7.4,13.02555647,77,27.7,75.58723993,446.1247151,66.2031695142982,7.1221216307125,12.26058392,13.61709277,15,217.902222222222,13.3,6.895440038,36.0993454,22.67784066,34.1172071,129,11.0378275771963,3.431539082,46930,59.18984281,8.163662170125,28.98126415,18.81385858,89.23599029,81.64379031,11.30494271,17.8836055,25.68160564,0.204081633,49.19789943,72.58775046,0.970947368421053
"20","Michigan","Delta","No",36190,527,7382,15.79692618,4.073680078,4.415148713,7.077169132,17.3991833,35.8,7.6,23,93,17.62305027,19.04761905,216.9,22.90822741,6.454699345,1332,1434,652,2542,50,40,73.70030581,70.6323687,5.314151497,17.4,38,15.84874183,187,68.52343059,7.1,13.72115081,81,15.8,78.35321584,350.4066946,41.42788096,7.1221216307125,12.24227509,13.8277258,14.4,67.4,12.6,8.383131739,10.18292231,12.56138395,37.42479355,94,11.0378275771963,2.875135062,49292,49.12427023,8.163662170125,23.81088407,12.15738285,126.1634333,79.47206721,10.96641093,19.66979948,24.16543492,0.13676308,50.33605712,43.75354069,5.17
"21","Michigan","Dickinson","No",25570,347,7502,15.13306607,4.112241621,4.301554316,7.85077951,17.76838109,24.4,7.4,21,89,19.12137507,25,184.9,20.42018457,5.998481397,1105,1015,321,2781,53,41,89.13857678,70.6416914,3.84769861,15.1,30,17.70607909,346.841379310345,83.54284108,7,13.24384788,84,12.9,78.93728603,340.2958506,48.84720594,7.1221216307125,12.14752794,13.43582445,11.7,217.902222222222,12.1,11.46184488,32.75123472,9.978048294,34.21861842,193,11.0378275771963,2.89247152815038,52348,46.10024122,8.163662170125,13.82689679,8.588516373,189.0153962,77.73067557,11.10698366,20.29310956,22.08564788,0.197441487,49.87590119,32.76520942,10.228
"22","Michigan","Eaton","Yes",109155,1330,6382,14.07103529,3.638837808,4.00273015,6.957949236,17.17663553,37,7.8,23,72,20.23565281,28.76712329,388,15.25382363,5.523641184,3029,1464,590,4375,49,47,87.18487395,72.26247076,3.469273155,12.2,33,11.64849074,244,77.55875121,10.9,12.71919836,84,27.3,79.19645591,318.4409624,44.32144942,5.419029616,10.64545042,12.35397198,9.8,91.7,11.2,9.220235792,20.73088567,12.20874593,35.94624048,47,6.188340807,3.034149947,66716,46.41979542,1.969152569,18.39571515,11.55130337,161.9480329,71.90583465,9.878551787,20.6799847,18.57847868,1.140835514,50.85772039,37.97177034,4.3662
"23","Michigan","Emmet","No",33039,421,5953,13.79811715,3.927325896,4.25696706,6.647398844,16.52907545,27.3,8,19,88,19.92217793,50,274.2,13.49782293,7.700970874,754,925,327,3484,56,49,93.82022472,73.18581638,5.890706658,11.4,28,18.07610038,173,68.05261129,7.1,14.28066455,79,21.2,79.68793019,296.7869503,66.2031695142982,7.1221216307125,11.44463866,12.90872344,8.5,49.2,12.1,4.851723558,10.03180081,9.047707268,33.79067929,192,7.706535142,3.11363699,58891,38.94282632,8.163662170125,20.8692879,14.45365196,152.152676,73.3149552,12.52855511,19.13954606,22.53212442,0.222617988,50.72054762,74.88835872,3.14657142857143
"24","Michigan","Genesee","Yes",409361,6979,10379,16.78305511,4.137083401,4.609832912,10.53097868,18.98688776,34.9,6.6,26,86,17.72820152,25.38071066,675.3,29.44096329,6.729385323,1157,1384,348,6404,47,48,83.14249364,66.06818931,4.892700557,28.9,44,9.35233256,653,88.19350388,10.2,16.66215525,84,30.8,75.31782767,479.2765049,70.37071722,8.152820757,12.98200027,14.51022929,13.5,149.7,16.5,10.9774885,41.94973882,11.14420814,40.67661509,84,7.507874571,2.769283038,48370,58.53369877,12.56761167,13.68500519,17.00351211,344.2168164,69.50604268,15.14254959,22.49982796,17.48277184,0.418729577,51.77049438,16.75520797,52.159763367463
"25","Michigan","Gladwin","No",25289,482,8458,17.11597784,4.345793227,4.645646485,7.038288288,17.69133121,42.5,8.1,26,65,17.02747042,35.29411765,206.1,22.64772493,8.019845164,6309,5067,905,4647,44,43,89.23076923,51.12347528,5.627009646,26.8,30,6.340651502,220,90.28415751,8.4,16.14391144,81,44.6,76.64670486,418.8077671,57.79739386,7.1221216307125,13.35097751,14.55147135,19.4,41.1,13.9,0.491769198,14.53238741,11.28381619,33.28272501,31,18.65284974,2.863123971,44635,58.41328413,8.163662170125,20.29802495,17.42325847,16.09944028,84.48040731,12.45150913,18.77886095,26.71587007,0.403746098,49.42574101,88.58010276,1.48758823529412
"26","Michigan","Gogebic","No",15414,202,7444,17.18553787,4.439353,4.447853415,6.157354618,19.42120717,31.2,7.6,24,90,17.94789678,33.33333333,267.2,20.66276803,7.762244599,1096,2157,559,3383,50,38,88.49557522,54.58296493,5.107137103,26.8,38,13.03611003,100,74.17142708,6.4,11.68048229,80,14.5,79.15788042,317.3133999,66.2031695142982,7.1221216307125,13.30949877,14.07434005,14.1,51.4,14.8,3.505649603,22.0328776529143,12.8618545,35.61345302,105,11.0378275771963,2.89247152815038,39934,59.58862674,8.163662170125,13.02935222,14.642515601938,105.6405301,78.7127965,10.3775075,15.62665607,25.87440382,0.202020202,46.17117117,68.16825957,3.8535
"27","Michigan","Grand Traverse","Yes",91746,1027,5895,12.04494201,3.508511024,3.910127862,6.562933292,17.17848829,30.9,8.3,18,91,20.37492409,23.40425532,301.7,16.30796539,6.3453739,759,1040,232,3869,49,55,86.16647128,73.37125589,3.684114165,11.5,27,11.54596055,224,68.86301925,7.7,12.74152898,80,20,80.01792865,284.8014228,49.10352882,5.032789385,10.33552975,12.2400822,6.5,100.4,10.1,5.209759123,17.36211586,9.247924311,31.77989093,244,4.474002418,3.12958827,64591,39.0982606,8.163662170125,16.4361756,8.063075039,112.6950811,76.28857651,11.10230193,20.23268124,19.90537198,0.485856062,51.06996641,48.02381993,22.9365
"28","Michigan","Gratiot","No",41067,546,6604,16.52499642,4.374261838,4.398052582,6.975907947,19.8229122,37.8,6.8,20,55,19.48209825,18.18181818,302.3,19.98021761,5.672805021,2051,2256,606,3876,40,41,87.79956427,56.20024935,4.683102555,20.8,34,11.21458872,203,55.33335922,9.7,12.39809783,81,31.4,77.92441135,372.0843732,36.41218595,7.1221216307125,13.213834,13.92884845,11.1,96.7,14.2,14.28885695,9.770475252,7.929530606,38.37604147,123,7.201646091,2.954380786,48988,56.14208189,8.163662170125,11.39276503,5.339183784,104.0967178,72.75482638,12.90681502,19.59161556,17.50289416,0.368843011,46.2942437,60.15632357,3.97422580645161
"29","Michigan","Hillsdale","No",45830,653,8107,14.11644655,3.912603963,4.227287235,6.280193237,18.5874179,38.6,8.2,24,61,19.13053444,28.57142857,226.7,25.82282913,7.091841022,3823,3050,683,5459,42,42,85.36082474,56.42784033,4.021602855,20,28,10.89823231,184,71.56165866,11.3,13.67088608,81,35.7,77.42127106,375.0801422,66.90786539,6.002728513,11.91737677,13.46965691,12.2,38.7,12.6,1.697486023,19.65036899,17.72922803,33.21970658,52,6.679104478,2.841757274,50388,58.46689896,8.163662170125,18.04847744,11.78149258,23.18679449,76.73145666,9.649378683,21.84965792,19.61791515,0.512428121,50.24372117,69.12697053,6.33177631578947
"30","Michigan","Houghton","No",36360,416,6869,15.68384885,4.207809986,4.476050032,5.93220339,18.5452658,31.3,7.5,21,79,21.88284937,30,135,10.30825652,6.670309654,1578,1509,549,3558,46,30,76.94174757,68.99375434,5.093021818,15.5,21,12.11954276,156,65.40114534,6.1,16.51718984,71,11.1,78.53615381,346.1842006,47.83217739,7.1221216307125,12.95975692,14.1967727,8.3,41.8,15.2,4.237543947,11.91796771,5.88930463,37.22156436,93,4.889589905,2.89247152815038,42282,46.36329728,8.163662170125,15.82537787,9.89261022,264.1634336,67.87106447,14.88477818,19.97846434,17.49910268,0.742588618,45.9178884,37.81533253,0
"31","Michigan","Huron","Yes",31543,507,8589,14.45832398,3.886887073,4.236079569,6.679574056,16.02026502,34.2,7.6,24,60,18.65048237,36,179,18.4449038,6.866182129,1840,1833,799,4545,45,42,91.64733179,59.28714859,4.606343991,18.4,29,17.26342711,163,91.84481394,9,11.37918617,82,22.7,76.84605503,391.756309,66.2031695142982,7.1221216307125,11.63539278,13.05131081,13,29.3,11.5,10.4680061,24.48710169,17.97252002,33.69588352,93,8.368794326,2.89247152815038,45817,49.89504618,8.163662170125,23.88388843,11.40142518,75.80345989,81.11797672,9.241882633,19.26779182,25.06898543,0.263579341,50.46204197,89.46192403,0.901228571428572
"32","Michigan","Ingham","No",289564,3170,7206,16.19086943,4.421169887,4.765362059,8.469365664,17.75110514,31.5,6.8,20,89,21.68274858,30.76923077,655.4,14.87174581,6.194821985,942,1374,263,4477,45,48,88.02062674,77.56371275,3.643818866,19.1,37,14.09440841,609,71.51582331,10.6,18.97948164,76,17.6,78.56509795,356.6807076,56.1598742,6.568214991,13.28644605,14.32433483,9.3,171.1,15.4,11.26290734,28.24430636,7.877957475,35.62611019,126,2.978546136,3.002742551,52837,48.40339432,4.637025602,13.87775555,9.364341559,556.1801407,58.22103387,16.6412102,19.95183357,13.47942679,1.690225388,51.29690676,13.20635825,8.00176856649396
"33","Michigan","Ionia","Yes",64176,754,6015,13.96661824,3.927439387,4.231440143,7.148514852,18.16754544,34.8,8.4,26,75,22.14855659,32.25806452,328.2,25.31459269,5.843075134,3384,2378,713,4928,43,32,84.14414414,56.71029616,3.443009396,12.4,27,8.554852157,247,67.23735409,10.6,12.91769455,83,44,78.52360093,328.7714423,39.59305228,4.74871389,11.60256341,12.94246484,12.7,109.6,11,2.78113194,17.6409852,12.91000392,36.07677082,60,10.1369065,2.912984704,61667,49.52775858,2.225862744,18.06931472,9.338521401,50.85722085,77.08898416,10.48739196,22.23485438,14.75938327,0.34877186,46.36193739,60.53829904,1.18844444444444
"34","Michigan","Iosco","No",25247,517,10248,15.03305334,4.166964847,4.315867654,6.702898551,16.97238186,30.5,7.3,28,90,16.69046259,12.5,218.6,39.25369518,7.62533432,1936,1792,512,3381,46,29,90.57971015,54.23051299,6.371576022,27.5,39,14.70471346,267,101.3179246,7.9,11.49325207,80,23.4,75.63775028,459.999796,65.2664056,7.1221216307125,12.30140458,13.61047871,17.7,44.8,13.7,9.905510044,26.46552865,13.550059,35.36940003,99,6.560846561,2.904111727,41256,70.73560768,8.163662170125,23.28914833,12.66474057,72.83949766,79.62342017,9.994707128,16.38291934,29.58813444,0.194520321,50.41266297,58.9060146,3.67229090909091
"35","Michigan","Isabella","No",70775,678,6660,18.59236515,4.515547258,4.734635143,7.306935025,19.92928351,33.4,7.3,18,76,22.46204534,41.50943396,416.5,9.106595092,7.745200021,2153,1721,371,5098,44,45,82.69230769,66.82679653,3.914754287,16.8,36,8.021051743,252,49.68649515,9.1,21.24645892,78,17.5,78.61158418,339.875134,61.2257393,5.918456817,13.94266749,15.15714491,8,77,16.4,3.690413942,15.96941388,10.09542193,35.52126398,92,3.673835125,2.946094043,47056,47.33246111,8.163662170125,11.74730834,6.493121526,80.95203781,61.78633131,18.58654006,17.21323092,12.62577591,0.748858177,51.34633372,46.58872723,7.99072580645161
"36","Michigan","Jackson","No",158913,2396,8496,15.83056896,3.90689455,4.486293042,8.616651861,19.32563761,36.2,7.4,25,72,17.67287546,28.73563218,530.8,27.04155234,5.721645715,2203,1527,365,4374,45,51,80.60762767,61.59155928,3.944481092,19.9,38,9.770549672,476,61.11992837,11,14.71918428,85,28.5,76.62947304,408.8418574,60.84619675,6.423286446,11.57762777,13.75254305,12.3,167.9,13,10.04720258,7.354130815,10.48541184,37.74419816,103,8.682316857,2.971484053,52047,55.96369552,4.749801942,13.37009951,11.9473111,211.7280563,73.39049533,11.89684966,21.44966409,17.80724454,0.434196836,48.92994088,41.82329889,10.5133282442748
"37","Michigan","Kalamazoo","Yes",261573,2833,6792,14.62162959,3.982580687,4.324788239,7.621225984,18.00141065,31.4,7.3,19,78,22.14096251,24.65753425,857.1,20.8589334,5.5614101,1048,1480,263,3901,45,52,84.61206897,78.13031249,3.414204657,16.5,35,10.68502006,534,72.82647735,11.7,14.91288513,82,18.8,78.96654384,334.5750295,59.07088068,6.386987088,11.89180339,13.54057007,10.1,160.8,14,9.281965174,21.15238712,11.42923081,35.07563171,150,4.854114876,2.916956613,55881,49.27818192,4.450806228,12.54739044,8.788084885,430.6741106,63.83098756,12.10511685,21.63740703,14.96205686,0.789900988,51.04730623,17.54716755,12.6216589018303
"38","Michigan","Kalkaska","No",17463,298,8161,15.70547822,4.187089545,4.398141454,6.904955321,18.62356365,34.4,7.9,28,74,18.88008233,17.64705882,232.5,27.8647464,8.222926267,3527,3565,2228,3934,36,36,78.16091954,52.8686462,5.859774821,21.8,33,7.939208348,368,73.24749642,7.4,14.08250356,81,43.1,76.5577156,410.2235766,66.2031695142982,7.1221216307125,12.52148646,13.863173,14.9,54.3,13.9,2.559441533,22.0328776529143,18.90359168,35.60498508,61,16.47361647,2.869251745,46068,63.5213495,8.163662170125,14.68801443,11.44492132,79.22636379,80.73959938,11.52896762,20.99977558,20.34896768,0.223120063,48.68716338,84.44586953,1.94033333333333
"39","Michigan","Kent","Yes",643140,6023,5784,13.09800215,3.798426742,3.898378819,7.93123562,15.05200548,29.6,8.1,20,91,22.14728092,28.06451613,629.8,22.88450582,6.352248774,1109,1391,287,4069,45,50,88.54913203,70.73727179,2.968514907,14.6,32,12.45771623,373,64.57624062,11.5,13.93827003,81,20.9,79.94048625,290.0467214,48.30544194,5.469227552,11.45922375,12.50702844,9,183.5,11.3,5.284038419,15.42771012,9.423521154,33.26315284,187,5.379498649,3.008980365,61675,49.26292734,3.058708537,11.7824377,6.666336465,614.5355194,69.05357053,11.3686859,24.13771479,13.65829186,2.905174529,50.69701707,15.67533213,11.5601665935993
"40","Michigan","Lake","No",11763,249,7965,19.26249243,4.759722095,4.921727013,9.985935302,20.4403238,27.4,6.8,29,91,16.00442054,40,283,40.81632653,7.966248914,12013,1485,1485,5278,39,34,79.41176471,38.74574623,6.873977087,36.4,29,8.324315325,329,70.50124667,8.1,18.0887372,78,41.3,77.04530117,414.9143542,66.2031695142982,7.1221216307125,14.64208228,15.7675937,8.1,95.1,16.9,8.286252188,22.0328776529143,16.8935218118511,36.41614218,42,11.0378275771963,2.627251673,36044,95.3271028,8.163662170125,24.17650631,14.642515601938,23.08836595,84.10449413,16.52295502,16.18550627,28.62553657,0.204063526,49.15411161,100,0
"41","Michigan","Lapeer","No",88202,1215,6516,13.90083968,3.804312159,4.187821561,6.938483548,16.3859935,33.5,8.6,22,58,19.66326726,31.57894737,178.1,15.13632719,6.331059928,3149,1914,704,5701,42,44,90.60832444,61.17567356,5.165703788,13.9,26,9.753442058,187,63.25555243,10.3,13.84521447,87,54.5,78.16881306,343.6863204,28.06998784,4.322766571,11.16385579,12.74407841,11.1,61,10,2.569364524,18.90059045,11.17173712,35.88080674,42,12.73009537,3.07039093,65209,47.81967213,8.163662170125,15.6208913,13.14989979,46.90289224,83.52641056,11.46787585,20.64683964,18.13400282,0.794199719,49.29454265,77.34802251,14.5332840909091
"42","Michigan","Leelanau","No",21639,225,4657,11.54902595,3.451805279,3.795044933,5.821025196,13.57926846,27.7,9,15,59,18.64730524,15,157,12.73388773,8.52861575,2707,2176,1979,2677,53,56,91.24087591,73.84823848,4.224817241,10.6,25,16.16105647,78,67.83887351,7.5,13.74513077,75,25.7,82.83151761,212.9974084,66.2031695142982,7.1221216307125,10.27006157,11.87719627,9.7,31.5,8.7,0.555098994,22.0328776529143,11.80823428,30.26728317,32,11.0378275771963,3.270881539,67349,41.70854271,8.163662170125,13.63209778,14.642515601938,7.581695021,87.62019231,11.16949911,16.05862893,30.92721926,0.727570589,50.61569564,91.26128616,0
"43","Michigan","Lenawee","Yes",98474,1354,6870,14.360185,3.990087468,4.158937125,7.059309206,17.11459065,39.9,8,28,71,19.87074067,22.80701754,308.2,23.82417582,5.930195831,3653,2184,439,3525,46,47,89.01482127,60.21152922,4.084675015,14,37,12.67452825,189,65.10984497,10.8,13.45925241,83,39.2,78.08286947,354.0134073,41.54845143,6.320417697,11.85151039,12.88992524,13,58.4,10.9,7.693844041,20.31192344,14.46784377,37.83933111,49,6.908686794,2.89247152815038,55762,48.93114754,2.170176566,13.72112085,9.330382769,50.86311638,77.38475224,11.26775663,21.07850121,18.97400932,1.017265616,49.46064763,51.82196773,1.55077165354331
"44","Michigan","Livingston","Yes",188482,1896,5202,10.55743449,3.422847403,4.062124594,6.033630069,13.75293633,27.6,8.9,22,89,20.21898286,29.21348315,198.8,6.461378578,4.05999874,2018,1663,542,3837,46,53,91.32791328,75.06385234,3.291336285,5.5,19,7.540165884,117,62.92371375,10.8,10.41353114,87,53.8,80.73302762,257.2757532,32.6041673,4.310702147,9.877803349,11.6481682,8.7,52.3,7.4,5.053904919,19.13962975,9.620582549,29.21941301,41,4.017175573,3.193074458,84048,22.0557948,0.916245957,14.31976922,8.701086893,187.7312424,85.22337735,9.660313885,21.24001171,17.21541229,0.297918483,49.88233695,36.90507109,11.0282021276596
"45","Michigan","Luce","No",6364,1465.77397260274,8628.37671232877,17.86690368,4.385813693,4.458170133,8.563535912,19.91970698,30.7,7.5,20,70,18.9087816,37.5,283.1,28.74132805,7.559175363,795,2094,698,3486,53,12,91.11111111,55.2404439,6.206040546,26.8,23,14.15539478,389,78.51758794,6.3,13.39092873,77,12.7,78.90803504,326.9459593,66.2031695142982,7.1221216307125,13.15771979,13.80279773,7.1,89.2,14.8,4.301204058,22.0328776529143,16.8935218118511,36.42188302,175,11.0378275771963,2.983416532,43196,61.59754224,8.163662170125,16.8593408920752,14.642515601938,23.98564758,81.14155251,10.27686532,16.50485437,20.56342512,0.311067453,41.12685023,51.36480169,0
"46","Michigan","Mackinac","No",10817,189,9530,17.59151477,4.455691267,4.683417379,7.008547009,18.78896244,34.9,6.6,30,89,17.09302748,27.27272727,168,17.515052,11.47455867,1339,1199,568,2577,47,23,90.52631579,57.12856428,9.651004094,20.8,36,16.80358477,274,92.16419974,7,15.39196941,67,29.9,77.55468532,410.3153815,66.2031695142982,7.1221216307125,13.22117641,14.4582001,15.8,83.9,15.6,13.38899939,22.0328776529143,13.08061584,35.9320394,64,11.0378275771963,2.871427297,46645,52.28182546,8.163662170125,23.37266293,18.43283995,85.95295745,73.92127176,12.8685259,15.74116993,28.04301474,0.633215005,48.93853713,77.22487177,0
"47","Michigan","Macomb","No",868704,11677,7698,16.1560361,3.988557226,4.380921862,8.683947389,18.55809616,32.1,8,25,95,21.77722632,27.54716981,401,13.75436734,6.394151893,1854,1160,536,6246,41,49,88.565356,67.93116041,4.049088293,16,31,5.646248745,293,85.32281618,11,14.16958055,87,44.4,77.90207185,372.0956519,51.24563202,5.923398977,12.13362418,13.12003271,11,142.3,12.1,5.161526186,40.01738423,7.118064522,36.5082,64,6.40260705,2.873825674,62191,48.2223375,4.105302329,14.17215151,9.680060182,798.9074305,72.98103565,12.33635269,21.03539375,16.99165142,2.464230774,51.31870607,2.805305252,100.356734856008
"48","Michigan","Manistee","No",24444,419,8340,13.88721355,3.867370522,4.215027042,7.1682044,16.13663451,30,8,22,90,18.29393427,25,204.7,33.11258278,7.506435759,1879,1363,791,3026,45,41,87.77777778,58.54620976,5.739429883,21.9,31,12.69087485,260,103.1020629,7.7,12.73182957,80,24,77.39758692,390.4815901,66.2031695142982,7.1221216307125,11.55636739,12.95713241,9.6,51.1,12.7,3.430297115,28.63844643,14.00797287,35.63017386,106,11.0378275771963,2.662929428,47401,68.91346323,8.163662170125,26.06842665,12.2740551,103.1594362,82.47315191,11.462026,17.38421396,25.75831703,0.332268371,48.29582518,61.16120163,0
"49","Michigan","Marquette","No",66939,853,6543,14.88526321,4.144720364,4.312574354,6.831162897,17.3155782,35.7,7.8,20,84,21.82955301,33.33333333,400,10.62723807,5.695941568,937,1167,268,3397,51,51,87.85046729,70.98455986,4.8824872,14.8,28,15.93937025,193,73.27782165,6.6,14.01407112,80,16.7,78.7384684,337.2275395,45.72663785,7.1221216307125,12.08179402,13.31348023,9.8,58.8,13.6,4.239713953,18.55073626,8.298755187,33.22144352,154,7.247820673,3.047277374,54093,40.13861868,8.163662170125,19.97363944,12.56191228,105.315931,69.33175591,12.93577619,18.10692164,19.12171508,0.578107327,49.8707078,41.48963132,13.1252941176471
"50","Michigan","Mason","No",28884,380,7346,15.49765663,4.15302142,4.424246012,7.604373758,17.64429208,28.3,8.1,25,85,17.69016122,28.57142857,199.5,26.8242356,6.351923597,1322,1940,331,4142,54,32,90.52631579,65.4578877,4.886158294,18.6,34,12.38262305,284,91.25096781,8.4,14.87263763,81,16.7,78.51865036,327.6713942,66.2031695142982,7.1221216307125,12.49877903,13.78672679,14.5,56.7,12.5,2.543785849,21.82678721,17.82698907,34.25822947,85,11.90661479,2.889410244,51083,57.3006135,8.163662170125,19.59406281,10.36942816,89.71755052,78.2005778,11.75671084,20.2371134,23.55326461,0.288637194,50.35395189,62.68942693,0
"51","Michigan","Mecosta","Yes",43264,520,6056,16.30559346,4.330232903,4.445875597,6.833159903,18.83352994,34,7,27,68,20.6134487,45,357.2,15.54684332,6.464208243,1972,1979,778,3894,43,33,85.7881137,59.22150139,4.956362461,20.7,34,11.29266438,587,58.2228178,8.9,16.38763683,79,28.7,78.89127456,326.6884986,43.52827784,7.327285415,13.17354704,14.36660703,6.8,47.9,15,10.49846186,9.219634749,10.23656369,36.69697459,62,5.801248699,2.946392805,45804,58.14121038,8.163662170125,15.34565708,11.55214639,152.078256,73.29423635,13.75467121,18.35572396,18.31438742,0.092217342,49.82431967,66.72508061,5.408
"52","Michigan","Menominee","No",23234,352,5758,14.36257559,4.088974207,4.282836618,4.925053533,17.39027041,30.9,7.3,26,72,19.93069979,25,212.6,23.7632318,6.95726986,2881,1642,884,3356,48,32,85.83333333,59.75292588,4.047554225,17.3,35,10.4139547,222,80.63685962,7.9,11.24232404,80,25.2,79.75740007,327.6616157,66.2031695142982,7.1221216307125,11.98031151,13.20276433,14.4,49.3,11.7,14.19407421,14.42793248,11.57280513,32.71249066,43,11.0378275771963,2.984985613,46486,55.46990809,8.163662170125,20.97793389,15.44110078,170.5460408,78.42475387,8.166216737,18.19170691,24.59208981,0.162111046,49.1102119,64.33476216,0
"53","Michigan","Midland","No",83389,894,5664,13.18834648,3.606864338,3.816898452,7.105661011,15.45459736,38,8.1,21,83,20.93460896,40.90909091,269.7,12.98146269,5.005602737,1083,1460,418,3732,45,51,93.81107492,72.60473772,3.984142228,13.5,25,10.19050245,126,50.58241698,9.4,10.93171382,85,25.2,80.42841537,292.0439645,27.82376428,4.196743327,10.68040974,12.08093376,12.3,42.3,10.9,6.063310329,12.39593413,10.25847949,35.09548392,132,4.993160055,3.183124379,58057,38.7792489,8.163662170125,11.14398442,8.630175408,122.6053254,75.61513361,9.374062294,21.24649978,18.35859102,0.214325572,50.68442116,42.78061438,10.1077575757576
"54","Michigan","Missaukee","No",15006,199,6190,16.63547898,4.287226947,4.531108634,5.951448708,17.98887075,37.3,8.2,23,67,18.72150224,16.66666667,233.4,29.96378005,7.558188743,7499,7557,5038,3667,49,51,91.17647059,51.34451123,5.023347955,21.1,31,10.66808908,210,63.8697058,7.3,14.97005988,78,23.1,79.07042009,323.638512,66.2031695142982,7.1221216307125,12.5847481,13.85352746,14.1,217.902222222222,12.4,2.48101008,22.0328776529143,15.20406709,37.70181325,19,12.12976023,2.871489364,48413,58.76010782,8.163662170125,16.8593408920752,14.642515601938,10.0835577,81.38377302,11.75666439,22.98683253,20.50552505,0.427594071,49.1695891,100,0.937875
"55","Michigan","Monroe","No",149699,2121,8231,13.67509734,3.864872306,3.9797511,7.176760965,16.60699646,37.5,8.2,28,79,19.78783828,46.36363636,236.6,18.41186476,4.993055048,3401,2351,607,5823,40,49,91.55807365,63.57534207,4.182670098,13.5,28,8.286056038,240,84.28076849,11,11.77475861,87,35.9,77.73980742,381.9307982,41.43932592,5.103969754,11.24013102,12.29928635,10.7,70.1,10.5,5.516679844,36.27897867,15.23647002,35.29181253,50,7.379102982,3.03540195,62522,42.40792688,1.523647002,16.44087866,9.082555083,95.11278121,80.08400951,10.5155349,21.39937117,18.12163069,0.332300919,50.64378253,37.55599555,6.1572853470437
"56","Michigan","Montcalm","No",63209,889,7647,15.86811844,4.163103964,4.367244185,6.954626511,19.66211771,35.9,8,25,66,20.19540235,22.03389831,295.8,28.54560518,6.996734056,2444,2132,508,3878,45,31,87.23404255,53.96908567,4.228418909,19.9,35,12.58851298,377,81.24427022,10,14.05335068,83,44.8,77.83561493,379.0495651,52.41822757,4.844570044,12.49106578,13.69160923,12.7,92.5,12.7,3.766998914,19.42338786,18.52973344,33.23250696,100,10.99081365,2.854438077,50396,58.84426306,8.163662170125,17.18203437,12.32889704,23.49522637,78.19115357,11.14060664,22.23142821,17.50093797,0.362312763,48.26632066,84.61842064,1.37410869565217
"57","Michigan","Montmorency","No",9261,222,10297,14.50880831,4.030246512,4.340643551,7.581967213,16.62248436,35.7,7.9,21,72,17.22843346,80,173,27.95248078,7.399103139,1156,2316,772,4147,42,32,92.59259259,47.25274725,8.626934475,32.2,35,11.89189189,81,108.115121,7.2,12.5,84,40.3,75.59201306,491.1138591,66.2031695142982,7.1221216307125,12.04168885,13.57452545,19.9,72.6,14.4,1.078585911,22.0328776529143,18.44082799,33.00201217,140,11.0378275771963,2.824126942,40650,63.13253012,8.163662170125,24.57081481,14.642515601938,12.90897714,85.93563766,11.58206013,15.00269833,32.29357798,0.134408602,49.03399892,100,0
"58","Michigan","Muskegon","No",173043,2507,8557,16.1215318,4.235009687,4.427024837,9.75209998,19.7675499,35.5,6.5,24,77,19.75504711,14.28571429,796.8,32.27979275,5.507238064,1639,1484,476,3412,49,52,89.94285714,59.06611339,4.548826027,21.9,40,10.76612184,440,84.65933568,10.3,14.88099823,84,23.3,77.01248032,404.5450174,62.38380245,7.939223872,12.79818656,13.86136097,12.3,129.7,14.5,16.95999555,24.39075917,11.43318258,37.30788022,130,7.290217895,2.826990701,49960,61.55971642,6.130837033,16.34214699,12.9356693,225.4582991,74.54548225,11.35679809,23.09030578,17.00808812,0.334960932,50.31914649,23.31463284,9.43013623978202
"59","Michigan","Newaygo","No",48142,658,7126,16.82218948,4.207069694,4.32809744,7.34284205,19.06539037,34.7,8.3,26,79,18.9041106,21.95121951,279.8,27.48373313,7.244388059,2539,1746,537,3490,46,33,84.80565371,53.44599698,4.337204817,23,28,13.88831309,306,84.67541093,9.6,14.8409894,79,42.3,78.19061777,351.5387081,36.56474245,5.514705882,12.63298505,13.61168724,9.9,69.6,11.9,2.299191048,11.71831918,21.96627879,36.14547667,87,7.613535174,2.747147539,48860,62.58512485,8.163662170125,16.26694456,12.45226631,21.28492998,82.35386963,12.30025003,22.54765606,19.1381003,0.778098618,49.80364886,83.84028064,0
"60","Michigan","Oakland","No",1250843,13124,5874,12.03386529,3.101583749,3.515100548,8.243284965,12.30826608,24.7,8.2,19,94,20.07042342,25.82582583,332.3,9.809100107,4.921746964,717,929,291,5392,43,50,90.48546491,81.43446784,3.348843589,9.6,24,8.050615748,178,54.66638029,11.1,13.91615079,86,42.3,80.23523501,285.9557899,42.68136303,5.949598402,9.264514242,10.97420548,8.8,183.8,10.9,5.209556223,13.55884526,4.915687328,32.30429587,129,5.133227572,3.111510279,80319,32.93871372,3.384571603,12.02397935,8.421317386,830.4403212,70.79060767,12.01788754,20.96813773,16.79850953,1.868834853,50.99320919,4.786661588,136.305668174767
"61","Michigan","Oceana","No",26417,365,7446,17.27502276,4.441660609,4.608187308,8.271787297,18.41723424,30.7,8.3,26,89,18.65353439,38.46153846,249.6,34.1068917,9.186186911,1763,3328,2958,3179,47,33,83.40807175,47.85502959,6.1014772,23.3,34,9.454655472,469,70.76548471,9,15.6296665,78,29.2,78.62866214,353.1077177,57.21525195,7.1221216307125,13.42016363,14.35203517,14.1,31.9,11.8,2.004120643,16.43613928,13.04525071,36.95638428,71,11.0378275771963,2.800995363,50374,74.67675812,8.163662170125,17.12265296,8.370111094,9.478079091,81.45121591,10.97085386,22.83568075,20.57840376,2.896512936,49.32957747,89.89085435,0.943464285714286
"62","Michigan","Ogemaw","No",20928,444,9994,15.47208457,4.185596941,4.527248144,6.809487376,19.05592199,38.7,8,31,68,18.25757697,30.43478261,238.3,22.89696366,7.335882315,2623,2619,1232,5062,42,34,90.71428571,58.36032893,7.005038712,26.6,38,11.43892093,399,113.5355347,7.9,14.80686695,82,24.3,74.98781436,471.5434887,71.04107466,7.1221216307125,12.67693104,14.31756869,16.6,49.4,14.2,0.021289283,23.87128603,16.95099129,35.39318137,114,11.0378275771963,3.100059041,41201,56.95852535,8.163662170125,26.81752208,18.12752235,16.46212202,81.79862306,12.45384357,18.51851852,25.84001527,0.185,50.17659412,100,0
"63","Michigan","Osceola","No",23232,335,7847,16.69793066,4.295906873,4.595297903,7.220412595,19.22127378,40.3,7.5,20,50,17.94535475,54.54545455,305.2,27.71272443,8.033486722,3323,11671,729,4513,45,34,86.36363636,48.68792895,4.437706726,25.2,34,15.90713672,286,79.35275751,8.2,13.68004522,79,31.3,77.98223164,364.254488,80.53436923,7.1221216307125,13.0104497,14.60518029,11.1,71.8,14,5.983236727,21.51740758,16.61814578,36.23021237,72,13.78737542,2.764757907,45607,62.00777832,8.163662170125,18.24249299,13.80047957,22.83746045,81.65934066,10.82568807,22.316953,21.19446468,0.341561162,49.56514288,100,0
"64","Michigan","Oscoda","No",8277,192,11248,15.43762861,4.150690316,4.43882827,9.268292683,17.33866018,38.7,8.1,28,91,17.30792212,57.14285714,313.7,33.22259136,8.995327103,4144,4138,2069,4024,37,25,89.83050848,53.80747126,6.418010753,28.2,33,13.27380234,267,115.8049651,7.4,15.98360656,81,27.9,74.52124208,528.6392019,66.2031695142982,7.1221216307125,12.49529567,13.96695249,19.3,217.902222222222,13.8,0.731901089,22.0328776529143,18.82916809,34.63649324,48,21.28279883,2.82720933,38927,72.53012048,8.163662170125,46.62869414,14.642515601938,26.12931236,84.25732218,13.43445287,19.45384244,27.21121315,0.419740524,48.74335428,100,1.6554
"65","Michigan","Otsego","No",24397,360,8585,14.58200705,4.069847219,4.445302561,6.705539359,17.57540031,27.4,8,26,89,20.05892478,22.72727273,334.2,25.16327315,6.035153212,1291,1451,404,4058,43,34,86.08058608,66.97892272,5.231353591,16.3,34,11.00334176,256,76.17705842,7.2,10.65239552,81,19.3,77.92529975,385.5382737,57.43825388,7.1221216307125,11.94858808,13.45503257,12,82,12.4,3.817995046,33.9337342,8.811452539,34.22712838,133,11.0378275771963,3.048306786,51292,51.58943966,8.163662170125,18.81203308,11.46751417,101.8389351,79.02083755,8.387362355,21.11899453,21.13521184,0.082286704,50.42367728,65.659659,2.26363917525773
"66","Michigan","Ottawa","Yes",284034,2099,4600,12.04767911,3.666600726,3.912105532,6.023628838,13.63563216,27.2,8.3,21,89,21.78830561,30.08849558,325.4,10.80802279,5.155142516,1499,1761,571,3286,47,53,92.52217998,70.22452556,2.815722575,5.7,21,11.62778517,243,54.75584545,11.4,11.90561499,83,23.9,81.79984672,226.8033332,41.13207003,4.917619368,10.76786944,11.96715399,8,51.7,8.4,9.308406646,13.6184755,7.51082939,32.23592522,55,2.837493387,3.366013456,70420,36.20455243,1.277351937,9.433605238,4.663078451,159.4049959,78.35570967,9.003521939,24.02700228,14.9717378,1.828051169,50.57935792,20.31569251,13.908881443299
"67","Michigan","Presque Isle","No",12797,206,9050,14.55833662,4.049573638,4.241242393,6.550218341,16.00851033,33.3,7.4,26,72,16.49442141,57.14285714,203.3,18.51054671,7.572129091,6396,3185,6369,3629,47,40,93.85964912,61.05722599,7.95854517,23.2,26,17.98139317,93,88.87364351,7.2,9.137055838,80,35.9,77.39463637,362.3129767,133.7711298,7.1221216307125,12.04044061,13.39252916,15.2,217.902222222222,13.7,8.05298922,22.0328776529143,12.17797558,32.14783635,86,8.0078125,3.099715543,45502,61.42958245,8.163662170125,23.19524755,15.59186728,19.0343076,88.72245179,8.915834522,16.01507301,31.40995447,0.690607735,50.27476841,80.86124402,0
"68","Michigan","Roscommon","No",23877,562,10353,15.75084245,4.221483392,4.512376945,7.381974249,17.27128562,34.2,6.8,33,99,15.71424042,35.29411765,230.2,29.23644621,7.475405727,2390,2388,1327,3924,45,35,81.1827957,58.8518024,7.780906066,33.3,39,12.9734254,312,87.98980994,7.7,15.68973116,78,26.7,75.31948372,475.4544903,66.2031695142982,7.1221216307125,12.7393605,14.29327427,13.9,65.6,15.2,11.41956298,32.17728284,14.33246542,35.05253752,104,11.0378275771963,2.600881231,38613,72.29869236,8.163662170125,22.00178355,13.40797104,5.609331164,82.50298193,13.25686348,14.71277843,32.54479987,0.290975419,49.93719645,66.05178126,0
"69","Michigan","Saginaw","Yes",192778,2894,8880,17.69009095,4.418451202,4.668459862,9.529569037,18.20973383,37.3,7,26,71,19.02485918,31.57894737,695.6,26.69747144,6.080125897,1215,1353,378,6526,49,47,84.86809358,64.91698394,4.78071135,23.9,41,12.03538716,634,83.35245007,10,14.76966508,83,24.1,76.93168727,412.9953998,69.98280595,8.202057024,13.10686991,14.17866745,10.6,151.4,14.7,10.39097632,22.60633673,10.82255863,38.21241393,127,9.939404902,2.836074103,48805,57.89434853,11.04342717,12.20836326,13.80557392,343.0220948,71.56952497,13.19211848,21.34538784,19.27830189,0.726710603,51.42872117,31.11820512,20.2795614702155
"70","Michigan","St. Clair","No",159566,2446,8208,15.02856469,4.00065694,4.257104409,7.619752173,18.14869619,33.5,7.3,26,73,20.23280409,18.3908046,286.8,21.18264985,5.924157802,2097,1732,410,5988,36,46,91.68886521,64.35679955,4.744120985,19.6,32,9.099466583,319,87.19324202,11,14.30342476,84,42.3,77.06592104,396.3211295,40.61378506,5.424954792,11.66161434,12.97926594,9.9,217.902222222222,11.7,13.19985075,41.60794858,11.07795665,32.0767478,72,8.18378516,3.064242024,56557,44.97394205,2.144120643,16.8469201,10.52332231,127.9164524,76.78111257,11.65461708,20.79303614,18.84182582,0.322180263,50.29089289,38.64573111,5.59135135135135
"71","Michigan","St. Joseph","Yes",60897,911,8115,16.83913462,4.126472648,4.390392948,7.57959479,18.46893804,33.5,8.1,32,59,20.69456785,27.27272727,297,36.10616845,8.150552375,3386,3052,587,4508,43,43,92.35127479,50.92154509,3.732135277,17.9,31,12.79800482,301,82.34719019,12.6,14.54741379,76,29.9,76.79904231,403.3965069,61.30903066,6.239971474,12.15873162,13.48995495,14.2,217.902222222222,11.6,4.836458378,15.86060172,17.5822321,36.33389863,50,9.347496206,2.938542995,52689,58.10368987,8.163662170125,19.42639436,11.15459947,71.68670169,74.16534843,10.34865835,24.42049047,17.99223498,1.492983505,50.12368331,54.42695163,0
"72","Michigan","Sanilac","Yes",41376,638,7805,14.3470916,4.104310622,4.250898202,6.828938472,17.89733922,32.6,8.2,27,39,18.35476022,28.125,227.8,20.48866002,7.488604298,3439,3432,654,5439,39,40,87.11656442,54.88361212,5.127943205,22,29,9.69250527,264,69.10816636,9.8,12.55924171,79,37.8,77.1998325,381.7975872,52.93806247,7.1221216307125,12.05017022,13.30763598,12.8,56.9,12.2,2.375467761,18.5693525,14.43234495,35.02783485,58,10.24457776,3.083977575,46184,57.43318931,8.163662170125,13.11226449,11.11529949,80.89965764,79.79509867,10.61865754,21.40498276,21.41469574,0.571006143,50.10927104,90.19807951,5.70775
"73","Michigan","Schoolcraft","No",8069,130,5627,17.1559508,4.449992645,4.76205393,8.936170213,18.77069698,28.9,6.9,26,75,16.95318081,20,335.4,29.88047809,8.405945669,1150,1614,448,3168,50,12,96.77419355,49.88978692,7.144966047,22,41,6.211951795,346.841379310345,69.20073155,6.6,13.70481928,78,20.6,78.81946738,318.9217346,66.2031695142982,7.1221216307125,13.47441469,14.90367804,16.8,217.902222222222,15.7,10.26468561,22.0328776529143,16.8935218118511,34.88347661,99,11.0378275771963,3.106388395,44887,64.79400749,8.163662170125,16.8593408920752,14.642515601938,44.20043666,82.36347359,10.73533975,16.98066435,26.7972236,0.025829782,50.66931086,58.96287566,11.1740896358543
"74","Michigan","Shiawassee","No",68493,969,7269,15.16796275,4.200574475,4.449670239,7.476448186,17.8803876,38.1,7.8,29,69,19.69745103,42.85714286,306.8,20.46477224,5.703374106,2139,2435,656,4251,46,51,89.0052356,65.47725245,4.319628367,15.3,31,11.68804605,264,75.85836659,10.3,11.68122271,82,42,77.56035051,365.8422379,59.32102846,5.426045016,12.11339689,13.23852649,12.1,68.4,11.7,7.939921474,22.41802799,13.30904433,37.71226537,63,9.533678757,2.89247152815038,54149,48.50052613,8.163662170125,18.4424945,11.37875499,21.62607109,75.33614506,8.795594811,21.1520413,18.36432426,0.092455621,50.57191459,54.97537085,0.936876923076923
"75","Michigan","Tuscola","No",53250,828,7597,15.40356667,3.978094468,4.328292974,6.44662197,18.19131657,30.6,8.2,30,60,19.20093027,39.58333333,272.9,22.55639098,5.954692557,3104,2918,375,5184,43,41,85.66666667,55.3898594,5.465213747,17.8,26,12.50852854,273,78.83030838,9.7,13.583411,81,41.6,77.54279576,388.534166,52.1530124,7.1221216307125,12.03202401,13.5680333,7.6,21.9,12.5,1.34051587,14.50024587,17.31855483,36.06334432,72,9.00233827,2.843333693,51113,58.67567568,8.163662170125,16.15504352,9.384560521,15.19402151,82.11774438,11.81627597,20.43567675,20.25097113,0.286822012,49.75816894,84.16084983,6.75559701492537
"76","Michigan","Van Buren","Yes",75272,1106,7781,16.21358561,4.190952563,4.300398187,7.097612474,18.45721968,33.6,8.4,28,65,18.56659195,38.02816901,378.2,29.29094481,8.226024387,1983,2515,786,2884,43,40,83.66071429,58.17319099,4.837308371,23.2,31,9.820445105,348,77.06617061,11.8,14.18340611,80,33,77.28522895,385.0783772,54.78528383,5.757236527,12.65439506,13.71186551,15.2,81.4,11.7,1.484305387,20.35182105,16.88135066,34.94197569,63,9.251533742,2.89247152815038,57363,53.48837209,2.08645907,17.31960772,10.89556205,51.48420088,77.25847034,10.2776494,23.21864065,18.11446294,1.834200701,50.36183862,70.85945081,3.42145454545455
"77","Michigan","Washtenaw","No",365961,2914,5155,11.91546576,3.537532888,3.960419148,7.590862705,12.13139277,24.5,7.7,15,90,21.05283623,30.20134228,456.2,6.545157038,4.587450684,578,565,189,3603,45,56,91.23563218,85.81243742,3.045920019,12.6,25,10.03734764,303,55.85323792,11,17.2387683,72,33.8,81.41038207,251.2823931,44.51360741,5.207529702,10.35078465,12.22386792,6.9,171.9,13.2,6.034895683,20.4840211,6.655471213,30.52173269,305,3.366899575,3.082457122,72267,32.60043018,2.654265305,9.953165488,6.321970828,587.0380142,60.71036303,15.72159493,18.58190709,13.84962921,1.535616289,50.37699178,16.44648497,25.0785456852792
"78","Michigan","Wayne","No",1761382,29275,10587,19.13628497,4.387846922,4.497145374,10.69868862,21.05552973,34.7,6.7,27,95,17.38792943,26.96629214,891.6,29.35963704,6.806399381,1426,1438,339,7684,39,44,86.48112564,61.06128051,5.22866932,32.4,48,7.259285955,1016,95.01180615,11.4,20.50611733,81,36.1,75.31450717,493.4857144,74.95678329,9.56519021,13.78723352,14.62905095,11.7,457.1,19.5,4.330935207,41.94507193,8.559638736,41.50718314,83,10.2481592,2.565833372,46440,65.1683593,18.65790695,12.00051061,20.92013519,1337.38708,62.01227632,17.7591781,23.61723321,15.42591253,2.597348945,51.84375558,0.695600972,204.349546556017
"79","Michigan","Wexford","No",33111,482,7584,16.79754517,4.360450812,4.49366925,6.921675774,19.45162405,36.3,7.9,30,89,19.59350376,16.21621622,288.5,33.18250377,6.846853592,1147,1339,413,3455,45,46,81.92771084,59.75887475,4.659352567,19.7,38,12.32119245,419,85.64845531,7.7,14.64354528,80,26.2,77.86172907,374.6138401,61.06575818,7.818052594,13.07309041,14.16931258,13.3,61.8,13.2,4.024387112,17.01616536,19.47655672,35.09986997,95,7.459677419,3.183910057,46396,62.29195562,8.163662170125,19.27427566,9.650530176,104.2653725,76.36558646,11.33711763,23.19070101,19.08802964,0.212089077,49.90139246,64.28898732,6.02018181818182
"80","Louisiana","Acadia","Yes",2.42935686,1027,9742,21,4.8,5,10,22,38,7.8,35,43,20,27,576.8,47,11,2721,2392,1382,7073,47,48,91,44,5.4,35,33,8,443,78,9.4,12,84,37,75.4,490,53,5,15,16,11,220,15,1,11,20,32,91.8354430379747,16,3,40484,46,11,16,20,64,71,10,25.8,15.3,1,51.2,51.7,4.52794736842105
"81","Louisiana","Allen","Yes",3.507267838,433,9683,21,4.6,4.9,9,22,37,7.3,41,73,21,23,398.1,53,9,5124,3658,985,7589,33,37,92,45,5.6,23,38,10.5,124,87,9.2,11,86,36,74.9,504,70,7.1221216307125,14,15,19,814,13,12,14,27,36,91.8354430379747,14,3.3,44395,50,6,16,16,52,74,7,22,15,2,43.3,69.4,2.5661
"82","Louisiana","Ascension","Yes",5.735459167,1263,6933,17,4.1,4.3,9,18,33,8.1,31,73,24,33,457.9,24,7,2509,3197,982,4112,45,46,88,68,4.1,14,31,5.7,337,69,10,11,87,51,78.7,329,52,6,12,13,13,240,10,8,25,18,38,91.8354430379747,9,3.1,77758,34,6,15,15,119,80,9,26.8,11.8,1,50.6,13.2,8.36898992805755
"83","Louisiana","Assumption","No",10.03786211,336,8969,22,4.7,5,11,21,42,6.7,34,35,19,30,412.9,29,10,7509,7433,3717,5806,40,46,90,38,6.7,29,46,5.3,319,80,9.3,10,86,50,77.6,411,75,7.1221216307125,14,15,16,141,15,14,19,24,36,91.8354430379747,11.0378275771963,2.8,48120,70,8.163662170125,11,15,27,77,8,21.5,18,1,51.5,45,1.09585087719298
"84","Louisiana","Avoyelles","No",1.834548212,776,11512,24,5.2,5.3,12,23,45,6.6,36,24,19,39,756.5,58,10,3725,4046,586,6979,35,37,79,42,5.7,37,44,10,584,101,9.2,14,86,38,73.8,547,85,8,16,16,13,495,17,9,18,20,38,91.8354430379747,22,2.6,37731,58,7,21,24,18,70,13,23.6,16.9,0,49.6,63.8,3.81565333333333
"85","Louisiana","Beauregard","Yes",1.251053877,661,10539,20,4.7,5,10,21,36,7.2,28,15,20,32,376.4,44,10,2462,4139,1380,7519,33,42,95,53,5.3,19,32,13.8,109,76,9.4,12,83,49,74.4,513,93,7.1221216307125,14,15,14,151,12,14,22.0328776529143,19,34,91.8354430379747,16,2.9,57005,52,6,12,15,72,78,9,24.6,15.8,0,49.3,66.5,3.19730434782609
"86","Louisiana","Bienville","Yes",5.706760316,286,11198,24,5,5.2,15,22,45,6.1,26,21,16,18,953.2,45,9,6819,4436,283,6227,37,40,90,43,5.8,36,53,16.1,410,69,9.7,11,86,55,74.4,565,66.2031695142982,7.1221216307125,16,16,24,286,19,12,22.0328776529143,16,37,91.8354430379747,11.0378275771963,2.8,34047,64,8.163662170125,16.8593408920752,14.642515601938,42,73,12,22.4,20.9,0,52.1,79.8,3.50461538461538
"87","Louisiana","Bossier","Yes",2.473618698,1528,7404,19,4.3,4.8,10,19,31,7.5,27,76,20,21,705.9,30,9,2321,1843,445,5801,41,48,83,68,4.3,20,37,7.4,480,58,10.3,15,87,23,77.9,375,73,6,13,14,12,205,13,8,11,13,37,91.8354430379747,14,3,56754,38,6,14,14,196,62,12,24.8,14.3,1,50.5,24.3,8.48958653846154
"88","Louisiana","Caddo","Yes",7.106590809,4324,10847,23,4.9,5.2,14,22,40,5.8,31,85,17,39,1103.9,44,9,874,1285,148,6451,42,44,74,57,5.5,36,53,12.1,688,83,10.3,17,86,19,74.9,510,87,11,15,16,13,560,20,14,12,16,36,91.8354430379747,12,2.7,40467,53,15,14,26,278,59,18,23.7,17.1,0,52.7,14.4,18.715021529745
"89","Louisiana","Calcasieu","Yes",2.477745252,3293,9983,19,4.4,4.6,10,20,35,7.3,30,75,19,38,590.8,43,9,1306,1736,390,4614,44,45,84,58,3.8,21,40,10.9,626,77,9.5,13,86,19,75.1,489,69,8,13,14,11,393,14,9,13,16,38,91.8354430379747,9,2.9,50531,46,7,18,16,183,67,12,24.9,14.8,1,51.1,20.5,15.3365241935484
"90","Louisiana","Caldwell","Yes",4.801920768,204,11205,22,4.9,5.1,9,23,40,7.5,27,37,19,20,492.5,56,11,3317,4980,766,16387,31,29,90,37,5.7,30,38,12.1,221,108,9.2,14,86,30,73.5,560,66.2031695142982,7.1221216307125,15,16,15,226,16,3,22.0328776529143,37,35,91.8354430379747,11.0378275771963,2.9,40842,56,8.163662170125,21,20,48,74,11,23.1,17.8,2,48.6,100,0
"91","Louisiana","Cameron","Yes",0.436808387,79,7133,17,4.2,4.7,8,19,35,9,33,61,21,17,159.1,21,9,3456,2947.58219178082,857.219178082192,4287,39,34,91,60,3.5,20,21,10.1,252,67,9.1,7,90,43,82,321,66.2031695142982,7.1221216307125,13,14,19,217.902222222222,6,6,22.0328776529143,16.8935218118511,32,91.8354430379747,11.0378275771963,3.3,57299,40,8.163662170125,16.8593408920752,14.642515601938,0,87,4,22.1,16.5,3,50.2,100,0
"92","Louisiana","Catahoula","Yes",8.59193369,197,10576,22,4.8,5,11,23,37,6.6,40,16,18,25,374.7,48,11,9875,4804,4804,7507,38,33,88,37,6.8,37,43,15.2,377,82,9,12,91,25,73.6,552,115,7.1221216307125,15,16,13,348,17,11,22.0328776529143,30,36,91.8354430379747,11.0378275771963,2.9,35812,54,8.163662170125,16.8593408920752,14.642515601938,27,78,10,21.4,17.5,0,47.1,100,0.349164705882353
"93","Louisiana","Claiborne","No",3.652572278,262,9862,28,5.4,5.3,16,26,38,6.1,35,39,17,30,776.5,45,11,2662,3189,1139,9139,41,32,90,37,5.2,41,53,8.1,155,68,9.6,19,87,38,75.9,449,111,7.1221216307125,17,17,21,690,21,7,22.0328776529143,17,38,91.8354430379747,11.0378275771963,2.5,33659,65,8.163662170125,17,15,35,66,18,18.1,19.1,0,43.4,82.4,2.46401694915254
"94","Louisiana","Concordia","Yes",2.147744868,420,12780,26,5.4,5.4,13,25,35,5.3,39,31,16,40,563.8,58,10,3311,2796,188,8325,41,39,83,38,7,39,50,12.6,735,94,9,14,91,19,73,600,115,15,17,17,17,302,22,15,22.0328776529143,28,40,91.8354430379747,11.0378275771963,2.6,35840,65,14,18,23,145,66,11,24,17.3,0,49.3,33.5,1.86241860465116
"95","Louisiana","De Soto","Yes",7.899764844,462,9012,23,5.1,5.2,13,22,38,6.5,33,44,17,28,757.1,38,10,5468,13718,403,6677,42,35,94,46,5.7,25,48,12.1,448,67,9.9,13,85,47,76.1,457,72,7.1221216307125,16,16,17,253,18,9,22.0328776529143,17,36,91.8354430379747,15,2.8,44457,39,6,15,19,51,74,11,24,17.9,0,51.8,77.3,1.77220465116279
"96","Louisiana","East Baton Rouge","No",5.399757709,6265,9984,20,4.5,4.9,12,18,32,6.5,29,98,22,32,909.1,27,9,1075,1316,250,4292,41,48,71,67,4.3,24,46,12.2,583,86,9,18,83,30,76.1,446,93,12,14,15,12,1026,17,11,20,15,35,91.8354430379747,6,2.8,52945,65,19,11,25,402,59,16,22.7,14.2,2,52.2,6.9,34.8163769808174
"97","Louisiana","East Carroll","Yes",3.183391003,149,12206,37,6.6,6,15,32,40,3.5,28,60,14,14,547.3,64,8,2375,7037,201,16851,32,17,98,30,10.3,62,79,8.4,640,83,9.6,22,91,12,72.7,645,141,7.1221216307125,22,21,14,355,33,12,22.0328776529143,19,45,91.8354430379747,69,2.5,27714,81,8.163662170125,16.8593408920752,14.642515601938,42,49,15,24.6,14.8,0,45.8,34.6,0
"98","Louisiana","East Feliciana","Yes",6.974716652,391,10914,21,4.5,4.7,11,21,35,7.3,27,47,18,28,577,30,8,3235,2145,280,4734,35,42,86,35,4.7,24,39,6.2,431,100,9.3,12,87,55,73.5,510,96,7.1221216307125,14,14,17,1057,16,6,22.0328776529143,28,39,91.8354430379747,17,2.6,45174,58,15,8,17,20,82,11,18.3,17.7,0,45.7,100,3.010875
"99","Louisiana","Evangeline","Yes",1.991913426,623,11220,25,5.3,5.4,11,24,39,6.1,36,56,19,42,542.9,53,10,1605,2573,1520,9010,40,48,81,37,5.8,34,43,8.6,191,111,9.3,17,87,30,73.7,555,64,7,17,17,20,255,18,15,23,27,38,91.8354430379747,18,3,34113,64,7,35,30,38,66,15,25,15.3,2,49.2,61.1,0.502029850746269
"100","Louisiana","Franklin","Yes",10.23521307,387,10656,25,5.2,5.3,13,24,38,6.4,37,38,17,36,612,48,12,2894,5039,695,10087,33,24,76,37,7.1,42,50,14.3,120,89,9.3,13,88,28,73.9,539,87,11,16,17,15,265,20,6,22.0328776529143,25,37,91.8354430379747,19,2.5,34446,57,8.163662170125,17,18,34,71,11,25.6,17.9,0,51.6,74.2,0.390807692307692
"101","Louisiana","Grant","Yes",0.805441203,363,8679,22,4.6,4.8,10,23,47,7.3,41,70,20,48,537.2,52,9,11168,7494,1499,5719,40,41,84,36,5.9,24,38,8.5,55,80,9.5,11,78,48,75.5,467,79,7.1221216307125,14,15,21,254,15,7,22.0328776529143,25,35,91.8354430379747,25,2.7,43502,65,8.163662170125,14,14,16,67,10,21.1,15.2,1,44.1,85.6,0
"102","Louisiana","Iberia","Yes",3.934462313,1230,10383,23,4.9,5.1,11,21,41,6.8,29,63,19,38,792.5,43,10,2123,1650,663,4156,41,43,81,41,5.8,39,48,6.1,196,87,9.4,14,84,30,74.7,513,72,8,15,15,13,201,17,8,18,23,37,91.8354430379747,10,3,42909,64,10,13,18,76,67,12,25.8,15,2,51.1,28.1,6.60827272727273
"103","Louisiana","Iberville","Yes",15.20208763,577,10157,22,4.6,4.8,13,21,38,7.1,21,49,18,28,717.6,37,9,3002,2727,376,5025,39,44,86,45,6.2,33,55,7.3,1096,81,9.5,16,84,42,75.5,499,83,9,14,15,15,1020,17,4,18,26,38,91.8354430379747,11.0378275771963,2.7,47917,50,9,9,16,88,74,13,20.6,15.8,0,49.4,59.2,2.36809580838323
"104","Louisiana","Jackson","Yes",4.206957177,271,9036,22,4.9,5.1,12,22,34,6.5,29,23,18,31,593.2,39,10,5282,7951,994,8690,41,39,81,35,4.6,32,48,15.1,144,71,9.5,15,82,37,76.3,461,66.2031695142982,7.1221216307125,15,16,13,158,17,11,22.0328776529143,21,39,91.8354430379747,11.0378275771963,2.6,40828,65,8.163662170125,13,20,47,71,15,21.9,19.9,1,48.7,65.5,1.18850746268657
"105","Louisiana","Jefferson","No",15.51803354,6426,8901,20,4.5,4.6,10,19,33,7.9,27,98,20,31,684,31,12,1100,1196,387,4906,41,42,72,59,4.4,26,43,7.6,434,91,8,18,82,32,77.3,415,59,7,14,14,14,504,13,5,37,10,37,91.8354430379747,8,2.8,50871,54,13,14,19,552,61,16,22,17.1,5,51.6,1.1,25.9053441894893
"106","Louisiana","Jefferson Davis","No",2.160994057,559,10886,20,4.6,5.1,10,21,41,7.8,33,45,19,24,546.4,41,10,2248,4512,518,7143,41,44,93,46,4.7,24,38,8.6,346,90,9,16,84,42,73.9,530,46,7,14,16,12,239,14,3,21,22,33,91.8354430379747,11,2.9,44492,45,12,13,22,73,72,10,25.7,16.3,0,51,50.7,2.7765
"107","Louisiana","Lafayette","Yes",2.115864401,2728,7234,17,4.4,4.8,9,18,31,7.5,26,86,20,35,586.8,28,10,944,1508,282,5036,47,47,77,62,4.5,20,39,7.4,506,65,9.4,14,84,26,78.5,353,54,6,13,14,10,372,14,7,17,12,36,91.8354430379747,9,2.9,57821,45,7,14,18,246,65,14,23.6,13.2,2,51.3,8.3,10.3976417322835
"108","Louisiana","Lafourche","No",7.259657483,1387,8413,18,4.4,4.6,9,19,40,7.7,32,60,21,33,501.9,29,12,2140,2230,625,5668,42,44,94,45,4.7,23,36,5.1,279,88,9.3,12,81,40,77.3,414,61,7,13,14,13,187,12,9,18,22,31,91.8354430379747,10,3,52651,62,7,20,19,37,76,10,23.2,15.5,1,51,24.2,8.12710518934081
"109","Louisiana","Lincoln","Yes",2.259481375,518,7495,23,5,5.1,11,21,36,5.2,31,47,19,24,1059.8,18,10,1540,2622,250,5887,44,44,96,64,5.2,30,44,13.2,402,52,9.6,19,82,21,77.8,393,47,5,16,17,10,224,21,18,22.0328776529143,14,37,91.8354430379747,7,2.9,36525,37,5,14,13,102,52,17,20,13.6,1,51.4,40.7,4.8683738317757
"110","Louisiana","Livingston","No",2.034595362,1925,9132,18,4.3,4.7,8,22,37,8.5,31,78,21,31,404.4,32,9,5316,3246,918,5285,39,46,87,56,4.1,15,31,6.9,355,99,9.7,11,87,61,76.5,427,65,8,13,14,10,192,9,5,38,21,36,91.8354430379747,10,3.2,63088,21,6,18,19,71,81,7,25.6,13.2,1,50.7,41.1,11.7959572953737
"111","Louisiana","Madison","Yes",1.133193863,226,12805,31,5.9,5.7,16,28,41,5.3,39,85,15,23,1148.8,65,9,2829,5581,159,7282,41,13,40,34,8.3,56,66,5.3,585,82,9.6,18,84,16,72.4,620,128,7.1221216307125,19,19,19,381,26,5,22.0328776529143,26,42,91.8354430379747,28,2.4,28452,88,20,16.8593408920752,28,64,56,14,23.7,14.4,0,50.4,22.4,0
"112","Louisiana","Morehouse","Yes",2.500769468,590,13712,28,5.6,5.4,14,23,43,5.3,33,74,16,45,1064.7,56,9,2849,2540,282,8642,36,36,69,42,8.2,41,48,16,571,101,9.8,15,90,41,71.9,634,140,10,17,17,14,304,22,15,21,25,40,91.8354430379747,29,2.2,34023,91,16,8,21,70,67,14,24.2,18.8,0,51.9,50,1.99938461538462
"113","Louisiana","Natchitoches","Yes",2.566537484,638,11468,26,5.3,5.4,12,24,36,5.3,28,69,18,21,914.9,27,10,1774,3514,245,6439,40,42,80,56,5.8,33,51,12.6,638,76,9.6,18,84,24,74.7,515,112,14,17,18,16,352,22,14,22.0328776529143,15,38,91.8354430379747,8,2.6,36298,59,12,14,23,72,45,20,23.4,16.6,0,51.9,50.1,3.50667
"114","Louisiana","Orleans","Yes",17.17704184,5831,10078,21,4.5,4.9,12,23,30,5.8,24,94,23,31,1192,27,10,1054,1401,185,5209,39,37,73,70,5,34,61,9.9,1025,112,9,26,68,29,76.9,446,76,7,14,16,11,1432,22,9,39,14,41,91.8354430379747,9,2.7,38855,64,37,12,39,752,47,26,20,14.8,2,52.7,0.6,27.3621036904228
"115","Louisiana","Ouachita","Yes",5.394842223,2476,10098,23,5.1,5,12,21,40,6,31,78,18,27,1066.2,40,8,1199,1593,203,6507,42,43,83,55,5.2,30,48,12.4,1378,84,9.5,16,85,22,74.9,492,81,8,16,16,14,463,19,14,18,15,40,91.8354430379747,13,2.9,44371,60,12,13,18,191,59,14,24.9,14.8,0,52.1,24.2,4.63405581947743
"116","Louisiana","Plaquemines","Yes",8.129037779,295,7542,19,4.5,4.8,9,20,38,7.1,27,45,20,64,462.6,20,12,5837,3902,807,4466,38,33,91,60,4.6,20,39,7.3,148,70,8.9,14,83,35,78.2,388,53,7.1221216307125,14,14,17,196,14,12,24,13,36,91.8354430379747,11.0378275771963,3.4,58643,60,8.163662170125,14,9,334,67,14,25.9,13.4,2,49.6,19.5,2.09126842105263
"117","Louisiana","Pointe Coupee","Yes",6.137738063,400,10915,20,4.5,4.9,11,20,31,7.3,26,34,18,53,642.2,39,10,3181,3134,914,4175,36,33,70,42,5.4,28,51,5.4,513,105,9.3,13,81,49,75.7,484,76,11,14,15,11,290,15,6,18,36,35,91.8354430379747,14,2.5,46603,55,10,21,23,21,76,13,21.8,20.6,1,51.9,57.8,2.76975
"118","Louisiana","Rapides","Yes",2.812704301,2310,10883,22,4.6,5.3,11,22,40,6.2,31,80,17,29,796.1,41,10,1230,1865,202,5244,44,44,78,52,5.3,25,45,12.8,1014,91,9.3,16,83,19,74.4,521,60,6,14,16,15,461,17,16,25,20,37,91.8354430379747,11,2.7,48116,72,12,19,22,160,61,14,24.7,16.4,1,51.6,39.5,4.62188648648649
"119","Louisiana","Red River","Yes",4.177303319,181,12992,22,4.8,5.1,10,22,31,6.8,34,53,17,41,1030.9,49,9,4268,4239,1211,11679,34,32,84,43,4.4,33,48,8.2,508,79,9.4,12,84,38,72.8,573,123,7.1221216307125,15,16,16,196,16,9,22.0328776529143,35,37,91.8354430379747,11.0378275771963,2.1,36865,77,8.163662170125,16.8593408920752,14.642515601938,36,75,12,23.4,19.1,1,51.9,100,1.43633333333333
"120","Louisiana","Richland","Yes",5.030770734,372,10287,25,5.3,5.4,13,23,36,6.5,34,44,17,13,872.1,41,10,1458,2244,215,9629,40,24,78,39,6.2,37,56,10.8,485,77,9.6,9,88,29,74.8,509,81,11,17,17,19,283,20,6,22.0328776529143,24,38,91.8354430379747,16,2.4,35103,67,8.163662170125,11,14,40,65,11,23.3,17.6,0,51.2,66,0.198776699029126
"121","Louisiana","Sabine","Yes",0.788774494,426,9348,20,4.8,4.9,10,21,46,7.1,37,26,19,23,487.1,40,13,8006,8011,751,7964,33,38,93,44,5.2,30,39,13.3,112,97,9.4,10,80,38,76.4,462,83,7.1221216307125,15,15,11,75,14,12,22.0328776529143,32,35,91.8354430379747,15,2.7,36423,64,7,20,23,31,68,11,23.6,20.7,0,50.6,88.2,1.26778947368421
"122","Louisiana","St. Bernard","No",11.24874163,762,11365,23,4.9,5,10,23,43,6.4,33,57,20,16,590.9,33,10,4620,3594,261,6139,30,33,91,54,5,30,42,4.5,239,99,9,16,87,48,74.9,542,48,7,15,16,13,481,14,19,48,19,38,91.8354430379747,14,2.9,43983,70,10,16,18,271,68,16,26.6,11.4,2,51,4.3,1.7779766536965
"123","Louisiana","St. Charles","No",11.28518322,640,7419,19,4,4.5,10,19,37,7,25,81,21,32,561.1,22,7,2931,2203,734,4636,44,40,82,64,4.4,22,41,8.5,333,67,9,13,88,46,77.8,357,46,6,12,13,11,282,11,18,20,12,35,91.8354430379747,13,3.2,67585,52,7,13,13,114,80,11,24.4,13.6,1,50.9,11.5,3.81030588235294
"124","Louisiana","St. Helena","No",3.361828835,211,12394,27,5.3,5.4,11,24,32,6.6,31,19,16,41,723.7,44,10,5182,10262,1140,9295,31,35,74,37,6.6,35,57,9.6,340,130,8.8,12,81,55,74.1,554,111,7.1221216307125,17,17,11,228,20,3,39,44,40,91.8354430379747,11.0378275771963,2.1,38699,88,13,16.8593408920752,21,11,83,13,21.1,19.9,0,51.8,100,0.297457142857143
"125","Louisiana","St. James","Yes",12.03352531,338,9974,20,4.3,4.6,12,19,38,6.7,35,32,19,37,790.9,26,7,4273,3506,1753,4644,41,38,85,54,6.2,25,52,6.6,580,76,9.5,12,83,43,76.1,449,81,14,13,14,9,408,17,10,22.0328776529143,32,38,91.8354430379747,11.0378275771963,3.1,53903,58,11,9,16,5,77,11,22.6,17.2,0,51.7,27.7,1.6620233463035
"126","Louisiana","St. John the Baptist","Yes",18.43668002,692,10642,22,4.5,4.7,12,21,43,6.4,32,82,18,32,732,27,9,3620,2699,345,4415,38,35,81,50,5.7,29,50,4.6,145,89,9.2,15,88,51,74.6,470,76,7,14,14,10,480,17,13,28,21,40,91.8354430379747,11.0378275771963,2.7,50830,67,25,9,24,84,76,14,24.6,14.2,1,51.2,13.4,4.17645692883895
"127","Louisiana","St. Landry","Yes",2.576423924,1612,12667,25,5.1,5.6,11,24,34,6.2,32,52,18,35,601.2,51,10,1440,3311,465,6129,44,45,69,40,6.2,47,47,7.9,674,96,9.5,16,85,38,72.9,584,97,8,16,17,14,408,20,9,14,25,38,91.8354430379747,15,2.7,36624,51,10,22,24,119,70,13,26.9,16.1,1,51.7,48.2,19.4067441860465
"128","Louisiana","St. Martin","Yes",4.83702932,891,9841,20,4.6,4.8,10,22,37,7.8,33,60,20,39,635,39,10,6019,5958,2553,4054,48,40,84,48,5.2,28,38,3.3,263,84,9.6,11,82,40,75.8,475,85,9,14,15,15,242,15,2,10,22,38,91.8354430379747,10,2.9,46229,69,13,19,22,73,78,8,24.2,15,1,50.8,49.6,4.34150769230769
"129","Louisiana","St. Mary","Yes",4.832411953,895,9744,24,4.9,5,10,22,38,6.2,37,89,18,22,704.3,42,11,1961,2489,803,5469,38,42,88,34,6.6,29,44,8.2,517,86,9,14,85,20,75.4,495,56,6,15,15,16,196,17,15,22,20,37,91.8354430379747,13,3.2,39764,61,9,14,17,140,61,13,23.8,16.6,2,50.7,13,5.380336
"130","Louisiana","St. Tammany","Yes",5.80341382,3109,6977,16,4.1,4.7,9,18,30,8.4,22,81,21,28,388.2,18,9,1232,1284,420,5753,44,45,83,69,4.2,17,31,7.6,165,84,9.3,13,83,46,78.6,332,49,5,12,14,11,208,9,7,32,14,36,91.8354430379747,6,3.3,67054,42,5,17,15,144,79,12,24,16.9,2,51.5,23.2,23.4344825700615
"131","Louisiana","Tangipahoa","Yes",5.133942255,2222,10665,22,4.6,5,11,22,39,6.7,34,68,20,38,821.2,40,10,2880,2267,471,7883,38,39,71,52,5.5,24,45,8.5,870,98,8.9,18,79,44,74.6,506,77,8,14,16,10,367,16,11,30,25,39,91.8354430379747,9,2.6,47128,47,10,16,18,111,68,16,24.5,14.4,1,51.6,40.9,5.45389850746269
"132","Louisiana","Tensas","Yes",1.285897985,102,12381,35,6.4,6.2,9,28,31,4.4,33,15,12,33,606.7,50,11,2775.74657534247,1487,892,5893,29,26,84,26,7.7,48,58,6.5,151,86,9.2,13,89,28,75.1,578,66.2031695142982,7.1221216307125,21,21,19,217.902222222222,26,17,22.0328776529143,48,42,91.8354430379747,11.0378275771963,2.3,28962,92,8.163662170125,16.8593408920752,14.642515601938,7,66,15,22.9,24.4,0,51.6,100,0
"133","Louisiana","Terrebonne","Yes",4.689706627,1737,9721,21,4.6,5.1,9,22,42,7,31,81,20,47,783.3,38,12,2437,1983,453,5609,40,44,82,46,5,23,40,5.4,404,92,8.7,13,82,26,75.6,467,63,7,14,16,11,230,14,12,32,18,38,91.8354430379747,8,2.9,51665,54,9,14,16,172,71,11,25.3,14.4,2,50.8,20.6,8.31608522727273
"134","Louisiana","Union","Yes",7.519466073,439,10166,21,4.6,5,11,19,38,7.2,32,40,17,25,598.1,39,10,11286,11165,1015,8385,41,40,65,36,5.7,30,37,12.4,271,67,9.8,12,85,57,75.5,498,60,7.1221216307125,14,15,16,163,15,9,22.0328776529143,29,36,91.8354430379747,25,2.7,43584,58,8.163662170125,16.8593408920752,11,32,82,5,21.9,20.6,1,50.5,82.9,1.32988165680473
"135","Louisiana","Vermilion","No",0.684851421,850,8480,21,4.7,5.1,10,20,39,8.1,34,60,20,40,389.1,39,11,3165,3739,2493,5217,41,40,94,45,5.3,25,34,5.2,387,73,9.4,14,81,40,76.8,419,59,6,14,15,10,171,13,2,14,18,36,91.8354430379747,10,3.1,48263,40,7,18,16,66,78,8,25.5,15.2,2,51.6,54.6,2.92034146341463
"136","Louisiana","Vernon","No",0.35289274,716,9195,20,4.6,4.9,8,20,35,6.2,32,66,22,50,729.4,56,8,3170,1810,611,8537,27,39,91,59,6.6,24,30,8.5,292,77,9.5,11,85,21,74.9,505,71,8,14,15,13,147,14,21,14,23,37,91.8354430379747,11,3.2,47664,61,7,22,19,54,53,12,24.8,12.2,1,46.7,49.9,5.66744444444444
"137","Louisiana","Washington","Yes",7.361646254,1078,13484,26,5.2,5.3,12,23,43,7,37,39,16,35,757,41,10,2120,3882,656,7237,39,41,82,40,5.7,37,53,8.1,678,121,9.1,16,81,43,72.5,643,87,11,16,17,23,476,18,5,67,28,38,91.8354430379747,13,2.6,36850,72,8,11,15,39,69,13,24.1,17.9,2,50.6,66.7,3.53181871345029
"138","Louisiana","Webster","Yes",2.523277232,813,11660,23,5.1,5.4,12,23,33,5.9,31,51,16,30,901.5,46,9,1641,4311,422,6702,39,40,77,49,6.1,35,41,12.4,368,80,9.9,16,89,38,73.6,559,89,8,16,17,14,220,19,15,22.0328776529143,21,39,91.8354430379747,11,2.5,35070,44,4,19,19,57,67,15,22.6,19.8,0,51.4,53,1.58524
"139","Louisiana","West Baton Rouge","No",4.75638051,369,8587,20,4.4,4.7,11,20,38,7.4,21,74,20,43,578.7,31,7,6566,6607,2202,5919,40,49,74,57,4.4,20,48,4.6,351,87,9,14,88,34,78.1,426,75,8,13,14,9,507,15,6,15,24,40,91.8354430379747,11.0378275771963,3.1,58205,67,8,19,19,218,72,11,24.4,13.6,0,50.6,30.5,6.09707317073171
"140","Louisiana","West Carroll","Yes",0.447227191,200,10912,21,4.8,5,11,21,47,7.3,29,33,19,25,500.9,45,11,3660,3661,1830,15450,37,25,93,36,9.2,34,35,18.2,402,104,9.6,5,85,29,74.3,516,66.2031695142982,7.1221216307125,15,16,25,150,17,3,22.0328776529143,34,36,91.8354430379747,23,2.7,39332,92,8.163662170125,16.8593408920752,14.642515601938,32,75,6,23.1,19,0,49.1,100,0
"141","Louisiana","West Feliciana","No",11.96592313,285,8675,21,4.5,4.5,9,22,22,6.3,14,15,20,29,227.6,27,7,1398,2209,814,3945,34,46,91,46,4,19,43,5.2,261,88,9,13,90,47,77.9,480,66.2031695142982,7.1221216307125,14,14,8,1088,14,20,22.0328776529143,15,39,91.8354430379747,11.0378275771963,3.1,60296,50,8.163662170125,19,13,37,71,11,16.2,15,0,34.6,100,0.501423913043478
"142","Louisiana","Winn","Yes",3.587691459,291,11545,24,5.1,5.2,11,23,37,6,27,80,17,30,754.7,42,9,1789,2827,3534,11250,32,42,85,37,6.3,29,41,10.5,485,83,9.4,10,87,32,74.1,552,106,7.1221216307125,16,16,22,251,19,13,22.0328776529143,21,38,91.8354430379747,17,2.6,40133,75,8.163662170125,15,17,44,68,10,21,18.6,0,46.4,64.9,0.557461538461538
"143","Rhode Island","Bristol","No",3.496933,428,3983,11,3.1,3.9,6,12,23,7.9,20,96,21,29,163.6,4,3,489,2560,486,3495,58,54,93,83,3.5,7,23,10,70,78,6.8,17,80,41,81.7,225,66.2031695142982,7.1221216307125,9,12,8,75,10,12,23,4,31,91.8354430379747,11.0378275771963,3.6,80231,18,8.163662170125,14,14.642515601938,268,70,17,18.7,19.7,1,51.7,1.1,0
"144","Rhode Island","Kent","Yes",5.242248,2042,6419,14,3.9,4.9,7,14,30,8.4,24,94,18,39,271.7,12,4,1161,1321,315,4344,52,50,92,72,3.7,10,26,9.6,112,84,6.6,17,86,36,79.4,320,36,4,11,14,10,89,10,5,33,8,35,91.8354430379747,4,2.89247152815038,69089,30,1,12,4,334,70,14,18.7,18.9,1,51.7,8,8.77486146682189
"145","Rhode Island","Newport","Yes",2.190791,906,5415,12,3.5,3.8,7,13,25,8.3,20,89,22,13,330.7,8,4,1210,1019,308,4047,55,50,91,78,3.5,11,31,12.1,164,70,6.5,17,76,31,81.4,271,33,7.1221216307125,10,12,8,138,11,5,30,7,31,91.8354430379747,11.0378275771963,3.4,77760,32,2,11,4,271,62,15,16.9,22.2,1,50.6,12.1,1.82582417582418
"146","Rhode Island","Providence","Yes",13.669895,6839,6313,17,4.1,4.3,8,14,29,8.1,27,96,19,33,608,20,7,1053,1652,209,4743,48,47,82,61,4.4,23,42,9.4,312,80,7.5,20,78,30,79.4,321,48,7,12,14,10,323,13,3,33,6,38,91.8354430379747,7,3,56141,59,3,10,4,760,53,17,20.5,15.3,7,51.3,5.5,25.0184789024671
"147","District of Columbia","Washington","Yes",8.865152,1314,5250,12,3.3,3.9,6,12,24,8.1,19,92,21,55,374.2,5,4,1097,1682,324,3702,53,49,93,76,3.6,10,25,11.6,75,71,6.4,15,84,40,81.3,259,35,4,10,12,8,47,10,9,20,8,33,91.8354430379747,2,3.6,86715,22,8.163662170125,10,4,143,75,14,16.5,20.7,1,51.6,30.8,36.9988004382532
